-- --------------------------------------------------------
-- Хост:                         127.0.0.1
-- Версия сервера:               5.6.34 - MySQL Community Server (GPL)
-- Операционная система:         Win32
-- HeidiSQL Версия:              9.4.0.5125
-- --------------------------------------------------------

/*!40101 SET @OLD_CHARACTER_SET_CLIENT=@@CHARACTER_SET_CLIENT */;
/*!40101 SET NAMES utf8 */;
/*!50503 SET NAMES utf8mb4 */;
/*!40014 SET @OLD_FOREIGN_KEY_CHECKS=@@FOREIGN_KEY_CHECKS, FOREIGN_KEY_CHECKS=0 */;
/*!40101 SET @OLD_SQL_MODE=@@SQL_MODE, SQL_MODE='NO_AUTO_VALUE_ON_ZERO' */;

-- Дамп структуры для таблица super_mag.blog
CREATE TABLE IF NOT EXISTS `blog` (
  `id` int(11) NOT NULL AUTO_INCREMENT,
  `title` varchar(50) NOT NULL,
  `date` date NOT NULL,
  `short_content` varchar(255) NOT NULL,
  `content` text NOT NULL,
  PRIMARY KEY (`id`)
) ENGINE=InnoDB DEFAULT CHARSET=utf8;

-- Дамп данных таблицы super_mag.blog: ~0 rows (приблизительно)
/*!40000 ALTER TABLE `blog` DISABLE KEYS */;
/*!40000 ALTER TABLE `blog` ENABLE KEYS */;

-- Дамп структуры для таблица super_mag.category
CREATE TABLE IF NOT EXISTS `category` (
  `id` int(11) NOT NULL AUTO_INCREMENT,
  `name` varchar(255) NOT NULL,
  `image` varchar(50) NOT NULL,
  `sort_order` int(11) NOT NULL DEFAULT '0',
  `status` int(11) NOT NULL DEFAULT '1',
  PRIMARY KEY (`id`)
) ENGINE=InnoDB AUTO_INCREMENT=6 DEFAULT CHARSET=utf8;

-- Дамп данных таблицы super_mag.category: ~5 rows (приблизительно)
/*!40000 ALTER TABLE `category` DISABLE KEYS */;
INSERT INTO `category` (`id`, `name`, `image`, `sort_order`, `status`) VALUES
	(1, 'Твердые реактивы', '', 1, 1),
	(2, 'Жидкие реактивы', '', 2, 1),
	(3, 'Питательный среды', '', 3, 1),
	(4, 'Фиксаналы', '', 4, 1),
	(5, 'Фильтры лабораторные', '', 5, 1);
/*!40000 ALTER TABLE `category` ENABLE KEYS */;

-- Дамп структуры для таблица super_mag.comments
CREATE TABLE IF NOT EXISTS `comments` (
  `id` int(11) NOT NULL AUTO_INCREMENT,
  `author` varchar(16) NOT NULL,
  `text` text NOT NULL,
  `note_id` varchar(100) NOT NULL,
  `section` varchar(100) NOT NULL,
  `date` date NOT NULL,
  `time` time NOT NULL,
  `lang` varchar(2) NOT NULL DEFAULT 'ru',
  PRIMARY KEY (`id`)
) ENGINE=MyISAM AUTO_INCREMENT=40 DEFAULT CHARSET=utf8;

-- Дамп данных таблицы super_mag.comments: 9 rows
/*!40000 ALTER TABLE `comments` DISABLE KEYS */;
INSERT INTO `comments` (`id`, `author`, `text`, `note_id`, `section`, `date`, `time`, `lang`) VALUES
	(1, 'Дмитрий', 'вмфвьбидэиьэфлдьи', 'kak_viglyadyat_zhestokie_boi_v_dikoy_prirode', 'news', '2015-12-24', '11:11:00', 'ru'),
	(2, 'кава', 'sfgjngvbzdgbrfg', 'kak_viglyadyat_zhestokie_boi_v_dikoy_prirode', 'news', '2015-12-16', '14:32:00', 'ru'),
	(3, 'Петя', 'аяояпьтяапитявпар', 'nacionalniy_park_Redwood', 'video', '2015-12-24', '11:11:00', 'ru'),
	(4, 'коля', '\\аирпярочвапт', 'nacionalniy_park_Redwood', 'video', '2015-12-25', '14:32:00', 'ru'),
	(5, 'ваня', '\\виисчм', 'dikaya_priroda', 'video', '2015-12-24', '19:11:00', 'ru'),
	(6, 'леша', 'sfbgcbsfbhsnxvn', 'chto_nashli_na_dne_tainstvennoy_voronki_na_Yamayke', 'news', '2015-12-24', '11:11:00', 'ru'),
	(38, 'саня', ' Туфта какаято', 'chto_nashli_na_dne_tainstvennoy_voronki_na_Yamayke', 'news', '2016-04-15', '22:37:24', 'ru'),
	(36, 'dmitry', 'fsbnbsgv ', 'Maine_Working_to_Protect_the_Pine_Tree_State', 'news', '2016-01-14', '00:48:18', 'en'),
	(20, 'коля', 'воля ', 'dikaya_priroda', 'video', '2016-01-06', '21:18:29', 'ru');
/*!40000 ALTER TABLE `comments` ENABLE KEYS */;

-- Дамп структуры для таблица super_mag.messages
CREATE TABLE IF NOT EXISTS `messages` (
  `id` tinyint(3) unsigned NOT NULL AUTO_INCREMENT,
  `name` varchar(100) NOT NULL,
  `email` varchar(100) NOT NULL,
  `messages` text,
  PRIMARY KEY (`id`)
) ENGINE=InnoDB AUTO_INCREMENT=4 DEFAULT CHARSET=utf8;

-- Дамп данных таблицы super_mag.messages: ~2 rows (приблизительно)
/*!40000 ALTER TABLE `messages` DISABLE KEYS */;
INSERT INTO `messages` (`id`, `name`, `email`, `messages`) VALUES
	(2, 'test', 'test@i.ua', 'test message'),
	(3, 'Александрович', 'Vasya@ua.ua', 'test message 2');
/*!40000 ALTER TABLE `messages` ENABLE KEYS */;

-- Дамп структуры для таблица super_mag.news
CREATE TABLE IF NOT EXISTS `news` (
  `id` int(11) NOT NULL AUTO_INCREMENT,
  `title` varchar(255) NOT NULL,
  `date` timestamp NOT NULL DEFAULT CURRENT_TIMESTAMP,
  `short_content` text NOT NULL,
  `content` text NOT NULL,
  `author_name` varchar(255) NOT NULL,
  `preview` varchar(255) NOT NULL,
  `type` varchar(50) DEFAULT NULL,
  PRIMARY KEY (`id`)
) ENGINE=InnoDB AUTO_INCREMENT=11 DEFAULT CHARSET=utf8;

-- Дамп данных таблицы super_mag.news: ~10 rows (приблизительно)
/*!40000 ALTER TABLE `news` DISABLE KEYS */;
INSERT INTO `news` (`id`, `title`, `date`, `short_content`, `content`, `author_name`, `preview`, `type`) VALUES
	(1, 'Lorem ipsum dolor sit amet, consectetur adipisicing elit.', '2016-05-12 13:05:04', '				Lorem ipsum dolor sit amet, consectetur adipisicing elit. Itaque, ea distinctio unde, tenetur explicabo dolorem ab aut optio, amet nihil fugit praesentium. Quia, numquam ut deserunt nemo, quae dicta dolores!', '				Lorem ipsum dolor sit amet, consectetur adipisicing elit. Itaque, ea distinctio unde, tenetur explicabo dolorem ab aut optio, amet nihil fugit praesentium. Quia, numquam ut deserunt nemo, quae dicta dolores!', 'TopicAuthor', 'images/2.png', 'NewsPublication'),
	(2, 'Lorem ipsum dolor sit amet, consectetur adipisicing elit.', '2016-05-12 00:00:00', '				Lorem ipsum dolor sit amet, consectetur adipisicing elit. Itaque, ea distinctio unde, tenetur explicabo dolorem ab aut optio, amet nihil fugit praesentium. Quia, numquam ut deserunt nemo, quae dicta dolores!', '				Lorem ipsum dolor sit amet, consectetur adipisicing elit. Itaque, ea distinctio unde, tenetur explicabo dolorem ab aut optio, amet nihil fugit praesentium. Quia, numquam ut deserunt nemo, quae dicta dolores!', 'TopicAuthor', 'images/2.png', 'NewsPublication'),
	(3, 'Lorem ipsum dolor sit amet, consectetur adipisicing elit.', '2016-05-12 00:00:00', '				Lorem ipsum dolor sit amet, consectetur adipisicing elit. Itaque, ea distinctio unde, tenetur explicabo dolorem ab aut optio, amet nihil fugit praesentium. Quia, numquam ut deserunt nemo, quae dicta dolores!', '				Lorem ipsum dolor sit amet, consectetur adipisicing elit. Itaque, ea distinctio unde, tenetur explicabo dolorem ab aut optio, amet nihil fugit praesentium. Quia, numquam ut deserunt nemo, quae dicta dolores!', 'TopicAuthor', 'images/2.png', 'NewsPublication'),
	(4, 'Lorem ipsum dolor sit amet, consectetur adipisicing elit.', '2016-05-12 00:00:00', '				Lorem ipsum dolor sit amet, consectetur adipisicing elit. Itaque, ea distinctio unde, tenetur explicabo dolorem ab aut optio, amet nihil fugit praesentium. Quia, numquam ut deserunt nemo, quae dicta dolores!', '				Lorem ipsum dolor sit amet, consectetur adipisicing elit. Itaque, ea distinctio unde, tenetur explicabo dolorem ab aut optio, amet nihil fugit praesentium. Quia, numquam ut deserunt nemo, quae dicta dolores!', 'TopicAuthor', 'images/2.png', 'NewsPublication'),
	(5, 'Lorem ipsum dolor sit amet, consectetur adipisicing elit.', '2017-05-12 00:00:00', '				Lorem ipsum dolor sit amet, consectetur adipisicing elit. Itaque, ea distinctio unde, tenetur explicabo dolorem ab aut optio, amet nihil fugit praesentium. Quia, numquam ut deserunt nemo, quae dicta dolores!', '				Lorem ipsum dolor sit amet, consectetur adipisicing elit. Itaque, ea distinctio unde, tenetur explicabo dolorem ab aut optio, amet nihil fugit praesentium. Quia, numquam ut deserunt nemo, quae dicta dolores!', 'TopicAuthor', 'images/2.png', 'NewsPublication'),
	(6, 'Lorem ipsum dolor sit amet, consectetur adipisicing elit.', '2016-05-12 00:00:05', '				Lorem ipsum dolor sit amet, consectetur adipisicing elit. Itaque, ea distinctio unde, tenetur explicabo dolorem ab aut optio, amet nihil fugit praesentium. Quia, numquam ut deserunt nemo, quae dicta dolores!', '				Lorem ipsum dolor sit amet, consectetur adipisicing elit. Itaque, ea distinctio unde, tenetur explicabo dolorem ab aut optio, amet nihil fugit praesentium. Quia, numquam ut deserunt nemo, quae dicta dolores!', 'TopicAuthor', 'images/2.png', 'NewsPublication'),
	(7, 'Lorem ipsum dolor sit amet, consectetur adipisicing elit.', '2016-05-12 00:00:00', '				Lorem ipsum dolor sit amet, consectetur adipisicing elit. Itaque, ea distinctio unde, tenetur explicabo dolorem ab aut optio, amet nihil fugit praesentium. Quia, numquam ut deserunt nemo, quae dicta dolores!', '				Lorem ipsum dolor sit amet, consectetur adipisicing elit. Itaque, ea distinctio unde, tenetur explicabo dolorem ab aut optio, amet nihil fugit praesentium. Quia, numquam ut deserunt nemo, quae dicta dolores!', 'TopicAuthor', 'images/2.png', 'NewsPublication'),
	(8, 'Lorem ipsum dolor sit amet, consectetur adipisicing elit.', '2016-05-12 00:00:00', '				Lorem ipsum dolor sit amet, consectetur adipisicing elit. Itaque, ea distinctio unde, tenetur explicabo dolorem ab aut optio, amet nihil fugit praesentium. Quia, numquam ut deserunt nemo, quae dicta dolores!', '				Lorem ipsum dolor sit amet, consectetur adipisicing elit. Itaque, ea distinctio unde, tenetur explicabo dolorem ab aut optio, amet nihil fugit praesentium. Quia, numquam ut deserunt nemo, quae dicta dolores!', 'TopicAuthor', 'images/2.png', 'NewsPublication'),
	(9, 'Lorem ipsum dolor sit amet, consectetur adipisicing elit.', '2016-05-12 00:00:00', '				Lorem ipsum dolor sit amet, consectetur adipisicing elit. Itaque, ea distinctio unde, tenetur explicabo dolorem ab aut optio, amet nihil fugit praesentium. Quia, numquam ut deserunt nemo, quae dicta dolores!', '				Lorem ipsum dolor sit amet, consectetur adipisicing elit. Itaque, ea distinctio unde, tenetur explicabo dolorem ab aut optio, amet nihil fugit praesentium. Quia, numquam ut deserunt nemo, quae dicta dolores!', 'TopicAuthor', 'images/2.png', 'NewsPublication'),
	(10, 'Lorem ipsum dolor sit amet, consectetur adipisicing elit.', '2016-03-12 00:00:00', '				Lorem ipsum dolor sit amet, consectetur adipisicing elit. Itaque, ea distinctio unde, tenetur explicabo dolorem ab aut optio, amet nihil fugit praesentium. Quia, numquam ut deserunt nemo, quae dicta dolores!', '				Lorem ipsum dolor sit amet, consectetur adipisicing elit. Itaque, ea distinctio unde, tenetur explicabo dolorem ab aut optio, amet nihil fugit praesentium. Quia, numquam ut deserunt nemo, quae dicta dolores!', 'TopicAuthor', 'images/2.png', 'NewsPublication');
/*!40000 ALTER TABLE `news` ENABLE KEYS */;

-- Дамп структуры для таблица super_mag.product
CREATE TABLE IF NOT EXISTS `product` (
  `id` int(11) NOT NULL AUTO_INCREMENT,
  `name` varchar(255) NOT NULL,
  `image` varchar(50) NOT NULL,
  `category_id` int(11) NOT NULL,
  `code` int(11) NOT NULL,
  `price` float unsigned NOT NULL,
  `availability` int(11) NOT NULL,
  `brand` varchar(255) NOT NULL,
  `description` text NOT NULL,
  `is_new` int(11) NOT NULL DEFAULT '0',
  `is_recommended` int(11) NOT NULL DEFAULT '0',
  `status` int(11) NOT NULL DEFAULT '1',
  PRIMARY KEY (`id`)
) ENGINE=InnoDB AUTO_INCREMENT=443 DEFAULT CHARSET=utf8;

-- Дамп данных таблицы super_mag.product: ~390 rows (приблизительно)
/*!40000 ALTER TABLE `product` DISABLE KEYS */;
INSERT INTO `product` (`id`, `name`, `image`, `category_id`, `code`, `price`, `availability`, `brand`, `description`, `is_new`, `is_recommended`, `status`) VALUES
	(34, 'Ноутбук Asus X200MA (X200MA-KX315D)', '33.jpg', 1, 1839707, 395, 1, 'Asus', 'Экран 11.6" (1366x768) HD LED, глянцевый / Intel Pentium N3530 (2.16 - 2.58 ГГц) / RAM 4 ГБ / HDD 750 ГБ / Intel HD Graphics / без ОД / Bluetooth 4.0 / Wi-Fi / LAN / веб-камера / без ОС / 1.24 кг / синий', 1, 0, 1),
	(35, 'Ноутбук HP Stream 11-d050nr', '34.jpg', 1, 2343847, 305, 1, 'Hewlett Packard', 'Экран 11.6” (1366x768) HD LED, матовый / Intel Celeron N2840 (2.16 ГГц) / RAM 2 ГБ / eMMC 32 ГБ / Intel HD Graphics / без ОД / Wi-Fi / Bluetooth / веб-камера / Windows 8.1 + MS Office 365 / 1.28 кг / синий', 1, 1, 1),
	(36, 'Ноутбук Asus X200MA White ', '35.jpg', 2, 2028027, 270, 1, 'Asus', 'Экран 11.6" (1366x768) HD LED, глянцевый / Intel Celeron N2840 (2.16 ГГц) / RAM 2 ГБ / HDD 500 ГБ / Intel HD Graphics / без ОД / Bluetooth 4.0 / Wi-Fi / LAN / веб-камера / без ОС / 1.24 кг / белый', 0, 1, 1),
	(37, 'Ноутбук Acer Aspire E3-112-C65X', '36.jpg', 3, 2019487, 325, 1, 'Acer', 'Экран 11.6\'\' (1366x768) HD LED, матовый / Intel Celeron N2840 (2.16 ГГц) / RAM 2 ГБ / HDD 500 ГБ / Intel HD Graphics / без ОД / LAN / Wi-Fi / Bluetooth / веб-камера / Linpus / 1.29 кг / серебристый', 0, 1, 1),
	(38, 'Ноутбук Acer TravelMate TMB115', '37.jpg', 2, 1953212, 275, 1, 'Acer', 'Экран 11.6\'\' (1366x768) HD LED, матовый / Intel Celeron N2840 (2.16 ГГц) / RAM 2 ГБ / HDD 500 ГБ / Intel HD Graphics / без ОД / LAN / Wi-Fi / Bluetooth 4.0 / веб-камера / Linpus / 1.32 кг / черный', 0, 0, 1),
	(39, 'Ноутбук Lenovo Flex 10', '38.jpg', 2, 1602042, 370, 1, 'Lenovo', 'Экран 10.1" (1366x768) HD LED, сенсорный, глянцевый / Intel Celeron N2830 (2.16 ГГц) / RAM 2 ГБ / HDD 500 ГБ / Intel HD Graphics / без ОД / Wi-Fi / Bluetooth / веб-камера / Windows 8.1 / 1.2 кг / черный', 0, 0, 1),
	(40, 'Ноутбук Asus X751MA', '39.jpg', 3, 2028367, 430, 1, 'Asus', 'Экран 17.3" (1600х900) HD+ LED, глянцевый / Intel Pentium N3540 (2.16 - 2.66 ГГц) / RAM 4 ГБ / HDD 1 ТБ / Intel HD Graphics / DVD Super Multi / LAN / Wi-Fi / Bluetooth 4.0 / веб-камера / DOS / 2.6 кг / белый', 0, 1, 1),
	(41, 'Samsung Galaxy Tab S 10.5 16GB', '40.jpg', 4, 1129365, 780, 1, 'Samsung', 'Samsung Galaxy Tab S создан для того, чтобы сделать вашу жизнь лучше. Наслаждайтесь своим контентом с покрытием 94% цветов Adobe RGB и 100000:1 уровнем контрастности, который обеспечивается sAmoled экраном с функцией оптимизации под отображаемое изображение и окружение. Яркий 10.5” экран в ультратонком корпусе весом 467 г порадует вас высоким уровнем портативности. Работа станет проще вместе с Hancom Office и удаленным доступом к вашему ПК. E-Meeting и WebEx – отличные помощники для проведения встреч, когда вы находитесь вне офиса. Надежно храните ваши данные благодаря сканеру отпечатка пальцев.', 1, 1, 1),
	(42, 'Samsung Galaxy Tab S 8.4 16GB', '41.jpg', 5, 1128670, 640, 1, 'Samsung', 'Экран 8.4" Super AMOLED (2560x1600) емкостный Multi-Touch / Samsung Exynos 5420 (1.9 ГГц + 1.3 ГГц) / RAM 3 ГБ / 16 ГБ встроенной памяти + поддержка карт памяти microSD / Bluetooth 4.0 / Wi-Fi 802.11 a/b/g/n/ac / основная камера 8 Мп, фронтальная 2.1 Мп / GPS / ГЛОНАСС / Android 4.4.2 (KitKat) / 294 г / белый', 0, 0, 1),
	(43, 'Gazer Tegra Note 7', '42.jpg', 4, 683364, 210, 1, 'Gazer', 'Экран 7" IPS (1280x800) емкостный Multi-Touch / NVIDIA Tegra 4 (1.8 ГГц) / RAM 1 ГБ / 16 ГБ встроенной памяти + поддержка карт памяти microSD / Wi-Fi / Bluetooth 4.0 / основная камера 5 Мп, фронтальная - 0.3 Мп / GPS / ГЛОНАСС / Android 4.4.2 (KitKat) / вес 320 г', 0, 0, 1),
	(45, 'Компьютер Everest Game ', '43.jpg', 5, 1563832, 1320, 1, 'Everest', 'Everest Game 9085 — это компьютеры премимум класса, собранные на базе эксклюзивных компонентов, тщательно подобранных и протестированных лучшими специалистами нашей компании. Это топовый сегмент систем, который отвечает наилучшим характеристикам показателей качества и производительности.', 0, 0, 1),
	(46, 'Ноутбук Acer TravelMate TMB115', '44.jpg', 4, 2042, 3, 0, 'Acer', 'Экран 11.6\'\' (1366x768) HD LED, матовый / Intel Celeron N2840 (2.16 ГГц) / RAM 2 ГБ / HDD 500 ГБ / Intel HD Graphics / без ОД / LAN / Wi-Fi / Bluetooth / веб-камера / Linpus / 1.29 кг / серебристый', 0, 0, 1),
	(47, 'Адипиновая кислота, пищ', 'No-image.jpg', 1, 1, 126, 1, 'имп', '1 кг/ 100 грамм', 0, 0, 1),
	(48, 'Азур-1, чда', 'No-image.jpg', 1, 2, 3600, 1, 'имп', '1 кг/ 100 грамм', 0, 0, 1),
	(49, 'Аланин (L) альфа, чда', 'No-image.jpg', 1, 3, 786, 1, 'имп', '1 кг/ 100 грамм. Фасовка по 50 грамм.', 0, 0, 1),
	(50, 'Ализариновый красный С(S) (индикатор), чда', 'No-image.jpg', 1, 4, 546, 1, 'Укр', '1 кг/ 100 грамм', 0, 0, 1),
	(51, 'Ализарин комплексон, чда', 'No-image.jpg', 1, 5, 9300, 1, 'имп', '1 кг/ 100 грамм', 0, 0, 1),
	(52, 'Альбендазол, фарм', 'No-image.jpg', 1, 6, 528, 1, 'имп', 'Тарное место 25 кг. НЕ ФАСУЕТСЯ', 0, 0, 1),
	(53, 'Алюминий азотнокислый 9-водный, ч', 'No-image.jpg', 1, 7, 69, 1, 'Укр', '1 кг/ 100 грамм', 0, 0, 1),
	(54, 'Алюминий сернокислый б/в, ч', 'No-image.jpg', 1, 8, 5, 1, 'Укр', '50 кг/ 1 кг/ 100 грамм', 0, 0, 1),
	(55, 'Алюминий хлористый безводный, чда', 'No-image.jpg', 1, 9, 156, 1, 'имп', 'Тарное место 50 кг. 1 кг/ 100 грамм', 0, 0, 1),
	(56, 'Алюминон, чда', 'No-image.jpg', 1, 10, 6906, 1, 'Укр', '1 кг/ 100 грамм', 0, 0, 1),
	(57, 'Аминоантипирин-4, ч', 'No-image.jpg', 1, 11, 9906, 1, 'Укр', '1 кг/ 100 грамм', 0, 0, 1),
	(58, 'Аминоуксусная кислота (глицин), фарм', 'No-image.jpg', 1, 12, 87, 1, 'имп', '25 кг/ 1 кг/ 100 грамм.', 0, 0, 1),
	(59, 'Аммоний ванадиевокислый мета, чда', 'No-image.jpg', 1, 13, 1040, 1, 'имп', '1 кг/ 100 грамм', 0, 0, 1),
	(60, 'Аммоний двухромовокислый, чда', 'No-image.jpg', 1, 14, 360, 1, 'имп', 'Цена за 1 кг. Фасовка 900 грамм. Банки. НЕ ФАСУЕТСЯ.', 0, 0, 1),
	(61, 'Аммоний молибденовокислый, ч', 'No-image.jpg', 1, 15, 742, 1, 'имп', '25 кг/ 1 кг/ 100 грамм', 0, 0, 1),
	(62, 'Аммоний молибденовокислый, хч', 'No-image.jpg', 1, 16, 870, 1, 'имп', '1 кг/ 100 грамм', 0, 0, 1),
	(63, 'Аммоний надсернокислый (персульфат, пероксодисульфат), ч', 'No-image.jpg', 1, 17, 45, 1, 'имп', '25 кг/ 1 кг/ 100 грамм', 0, 0, 1),
	(64, 'Аммоний роданистый, ч ', 'No-image.jpg', 1, 18, 51, 1, 'имп', '25 кг/ 1 кг/ 100 грамм', 0, 0, 1),
	(65, 'Аммоний сернокислый, осч', 'No-image.jpg', 1, 19, 54, 1, 'Укр', '1 кг/ 100 грамм', 0, 0, 1),
	(66, 'Аммоний сернокислый (BASF)', 'No-image.jpg', 1, 20, 54, 1, 'имп', '1 кг/ 100 грамм', 0, 0, 1),
	(67, 'Аммоний сернокислый, тех', 'No-image.jpg', 1, 21, 9, 1, 'имп', '1 кг/ 100 грамм', 0, 0, 1),
	(68, 'Аммоний углекислый, чда', 'No-image.jpg', 1, 22, 54, 1, 'имп', '1 кг/ 100 грамм', 0, 0, 1),
	(69, 'Аммоний углекислый кислый, пищ', 'No-image.jpg', 1, 23, 18, 1, 'Укр', '25 кг/ 1 кг/ 100 грамм', 0, 0, 1),
	(70, 'Аммоний уксуснокислый, ч (Китай)', 'No-image.jpg', 1, 24, 54, 1, 'имп', '25 кг/ 1 кг/ 100 грамм', 0, 0, 1),
	(71, 'Аммоний фосфорнокислый 1-замещенный, ч', 'No-image.jpg', 1, 25, 57, 1, 'имп', '25 кг/ 1 кг/ 100 грамм', 0, 0, 1),
	(72, 'Аммоний фосфорнокислый 2-замещенный, ч', 'No-image.jpg', 1, 26, 57, 1, 'имп', 'Тарное место 8 кг/ 1 кг/ 100 грамм', 0, 0, 1),
	(73, 'Аммоний хлористый, хч  ', 'No-image.jpg', 1, 27, 204, 1, 'имп', '1 кг/ 100 грамм', 0, 0, 1),
	(74, 'Аммоний хлористый (кристаллический ) ч, тех  ', 'No-image.jpg', 1, 28, 12, 1, 'имп', '25 кг/ 1 кг/ 100 грамм', 0, 0, 1),
	(75, 'Аммоний хромовокислый, чда', 'No-image.jpg', 1, 29, 510, 1, 'имп', '1 кг/ 100 грамм', 0, 0, 1),
	(76, 'Аммоний щавелевокислый, ч ', 'No-image.jpg', 1, 30, 93, 1, 'Укр', '25 кг/ 1 кг/ 100 грамм', 0, 0, 1),
	(77, 'Амоксицилина тригидрат', 'No-image.jpg', 1, 31, 699, 1, 'имп', 'Тарное место 25 кг. НЕ ФАСУЕТСЯ. Цена за кг', 0, 0, 1),
	(78, 'Анилин солянокислый (гидрохлорид), чда', 'No-image.jpg', 1, 32, 168, 1, 'Укр', '1 кг/ 100 грамм', 0, 0, 1),
	(79, 'Анилин солянокислый (гидрохлорид), ч', 'No-image.jpg', 1, 33, 276, 1, 'Укр', '1 кг/ 100 грамм', 0, 0, 1),
	(80, 'Арабиноза (D), чда', 'No-image.jpg', 1, 34, 3270, 1, 'имп', '1 кг/ 100 грамм', 0, 0, 1),
	(81, 'Аргинин (L), чда', 'No-image.jpg', 1, 35, 1926, 1, 'имп', '1 кг/ 100 грамм', 0, 0, 1),
	(82, 'Аргинин гидрохлорид (L)', 'No-image.jpg', 1, 36, 876, 1, 'имп', '1 кг/ 100 грамм', 0, 0, 1),
	(83, 'Арсеназо I, чда', 'No-image.jpg', 1, 37, 1326, 1, 'имп', '1 кг/ 100 грамм', 0, 0, 1),
	(84, 'Аскорбиновая кислота, фарм', 'No-image.jpg', 1, 38, 129, 1, 'имп', '25 кг/ 1 кг/ 100 грамм', 0, 0, 1),
	(85, 'Аспарагин (L), чда', 'No-image.jpg', 1, 39, 1206, 1, 'имп', '1 кг/ 100 грамм', 0, 0, 1),
	(86, 'Аспарагиновая кислота (D,L), фарм', 'No-image.jpg', 1, 40, 324, 1, 'имп', '1 кг/ 100 грамм. Мин фас 100 грамм', 0, 0, 1),
	(87, 'Барий азотнокислый, ч', 'No-image.jpg', 1, 41, 210, 1, 'Укр', '1 кг/ 100 грамм', 0, 0, 1),
	(88, 'Барий азотнокислый, хч', 'No-image.jpg', 1, 42, 279, 1, 'имп', 'Цена за 1 кг', 0, 0, 1),
	(89, 'Барий сернокислый, ч', 'No-image.jpg', 1, 43, 39, 1, 'имп', '25 кг/ 1 кг/ 100 грамм', 0, 0, 1),
	(90, 'Барий уксуснокислый, чда', 'No-image.jpg', 1, 44, 39, 1, 'Укр', 'Тарное место/ 1 кг/ 100 грамм', 0, 0, 1),
	(91, 'Барий хлористый (2-водн.), ч', 'No-image.jpg', 1, 45, 318, 1, 'имп', 'Цена за 1 кг. Фасовка 100 грамм.', 0, 0, 1),
	(92, 'Бензалконий хлористый (tetranyl BC 50)', 'No-image.jpg', 1, 46, 90, 1, 'имп', 'Фасовка 1 кг. НЕ ФАСУЕТСЯ', 0, 0, 1),
	(93, 'Бензидин основание, чда', 'No-image.jpg', 1, 47, 25206, 1, 'Укр', '1 кг/ 100 грамм.', 0, 0, 1),
	(94, 'Бензидин солянокислый, чда', 'No-image.jpg', 1, 48, 24306, 1, 'Укр', '1 кг/ 100 грамм', 0, 0, 1),
	(95, 'Бензойная кислота, ч', 'No-image.jpg', 1, 49, 90, 1, 'Укр', '25 кг/ 1 кг/ 100 грамм', 0, 0, 1),
	(96, 'Бипиридил-2,2, ч', 'No-image.jpg', 1, 50, 6186, 1, 'Укр', '1 кг/ 100 грамм', 0, 0, 1),
	(97, 'Борная кислота, чда', 'No-image.jpg', 1, 51, 120, 1, 'имп', '1 кг/ 100 грамм', 0, 0, 1),
	(98, 'Борная кислота, ч ', 'No-image.jpg', 1, 52, 30, 1, 'имп', '25 кг/ 1 кг/ 100 грамм', 0, 0, 1),
	(99, 'Бриллиантовый зеленый, чда', 'No-image.jpg', 1, 53, 570, 1, 'имп', '25 кг/ 1 кг/ 100 грамм.', 0, 0, 1),
	(100, 'Бромоформ, ч', 'No-image.jpg', 1, 54, 297, 1, 'имп', 'Цена за кг', 0, 0, 1),
	(101, 'Бромкрезоловый зеленый (спирторастворимый), чда', 'No-image.jpg', 1, 55, 10200, 1, 'имп', '1 кг/ 100 грамм', 0, 0, 1),
	(102, 'Бромкрезоловый пурпуровый (водорастворимый), чда', 'No-image.jpg', 1, 56, 1206, 1, 'имп', '1 кг/ 100 грамм', 0, 0, 1),
	(103, 'Бромкрезоловый пурпуровый (спирторастворимый), чда', 'No-image.jpg', 1, 57, 2100, 1, 'Укр', '1 кг/ 100 грамм. 80 фас по 0,05 кг; 24 фас по 0,025 кг', 0, 0, 1),
	(104, 'Бромтимоловый синий (водорастворимый), чда', 'No-image.jpg', 1, 58, 6300, 1, 'имп', '1 кг/ 100 грамм', 0, 0, 1),
	(105, 'Бромтимоловый синий (спирторастворимый), чда', 'No-image.jpg', 1, 59, 4206, 1, 'имп', '1 кг/ 100 грамм', 0, 0, 1),
	(106, 'Бромфеноловый красный (спирторастворимый), чда', 'No-image.jpg', 1, 60, 1206, 1, 'имп', '1 кг/ 100 грамм', 0, 0, 1),
	(107, 'Бромфеноловый синий (водорастворимый), чда', 'No-image.jpg', 1, 61, 3690, 1, 'имп', '1 кг/ 100 грамм', 0, 0, 1),
	(108, 'Бромфеноловый синий (спирторастворимый), чда', 'No-image.jpg', 1, 62, 2100, 1, 'имп', '1 кг/ 100 грамм', 0, 0, 1),
	(109, 'Бутилгидрокситолуол (агидол-1, ионол, дибунол) ', 'No-image.jpg', 1, 63, 162, 1, 'имп', '25 кг/ 1 кг/ 100 грамм', 0, 0, 1),
	(110, 'Вазелин белый, фарм (импортный)', 'No-image.jpg', 1, 64, 117, 1, 'имп', 'Цена за кг. По 1 кг', 0, 0, 1),
	(111, 'Винная кислота (L), пищ', 'No-image.jpg', 1, 65, 156, 1, 'имп', '1 кг/ 100 грамм', 0, 0, 1),
	(112, 'Винная кислота (D,L), пищ', 'No-image.jpg', 1, 66, 90, 1, 'имп', '1 кг/ 100 грамм', 0, 0, 1),
	(113, 'Винноградная кислота 1-водная, ч', 'No-image.jpg', 1, 67, 69, 1, 'Укр', '20 кг/ 1 кг/ 0,1 кг', 0, 0, 1),
	(114, 'Висмут (III) азотнокислый 5-водный, ч', 'No-image.jpg', 1, 68, 567, 1, 'имп', '1 кг/ 100 грамм', 0, 0, 1),
	(115, 'Висмут (III) лимоннокислый, фарм', 'No-image.jpg', 1, 69, 876, 1, 'имп', '1 кг/ 100 грамм', 0, 0, 1),
	(116, 'Висмут металлический, ч', 'No-image.jpg', 1, 70, 606, 1, 'имп', '1 кг/ 100 грамм', 0, 0, 1),
	(117, 'Галловая кислота, фарм', 'No-image.jpg', 1, 71, 1440, 1, 'имп', '1 кг/ 100 грамм', 0, 0, 1),
	(118, 'Гидразин сернокислый, чда', 'No-image.jpg', 1, 72, 882, 1, 'имп', '1 кг/ 100 грамм', 0, 0, 1),
	(119, 'Гидразин сернокислый, ч', 'No-image.jpg', 1, 73, 870, 1, 'имп', '1 кг/ 100 грамм. 30 бан по 200 грамм', 0, 0, 1),
	(120, 'Гидразин солянокислый (гидрохлорид), чда', 'No-image.jpg', 1, 74, 1209, 1, 'Укр', '1 кг/ 100 грамм', 0, 0, 1),
	(121, 'Гидроксиламин сернокислый, чда', 'No-image.jpg', 1, 75, 198, 1, 'имп', '25 кг/ 1 кг/ 100 грамм', 0, 0, 1),
	(122, 'Гидроксиламин солянокислый (гидрохлорид), чда', 'No-image.jpg', 1, 76, 198, 1, 'имп', '25 кг/ 1 кг/ 100 грамм', 0, 0, 1),
	(123, 'Гидрохинон высший сорт', 'No-image.jpg', 1, 77, 270, 1, 'имп', '25 кг/ 1 кг/ 100 грамм', 0, 0, 1),
	(124, 'Глутаминовая кислота (L), ч', 'No-image.jpg', 1, 78, 147, 1, 'имп', '25 кг/ 1 кг/ 100 грамм', 0, 0, 1),
	(125, 'Глюкоза моногидрат, пищ', 'No-image.jpg', 1, 79, 24, 1, 'имп', '25 кг/ 1 кг/ 100 грамм', 0, 0, 1),
	(126, 'Диметиламино-п-бензальдегид (реактив Эрлиха), чда', 'No-image.jpg', 1, 80, 786, 1, 'имп', '1 кг/ 100 грамм', 0, 0, 1),
	(127, 'Диметил(N,N-)-п-фенилендиамин дигидрохлорид, чда', 'No-image.jpg', 1, 81, 12006, 1, 'имп', '1 кг/ 100 грамм', 0, 0, 1),
	(128, 'Диметилглиоксим, чда', 'No-image.jpg', 1, 82, 858, 1, 'имп', '1 кг/ 100 грамм', 0, 0, 1),
	(129, 'Дитизон, чда', 'No-image.jpg', 1, 83, 3006, 1, 'Укр', '1 кг/ 100 грамм. черного цвета', 0, 0, 1),
	(130, 'Дифенилкарбазид, чда', 'No-image.jpg', 1, 84, 3900, 1, 'Укр', '1 кг/ 100 грамм', 0, 0, 1),
	(131, 'Дифенилкарбазон, чда ', 'No-image.jpg', 1, 85, 6000, 1, 'Укр', '1 кг/ 100 грамм', 0, 0, 1),
	(132, 'Доксициклина гидрохлорид', 'No-image.jpg', 1, 86, 1320, 1, 'имп', '25 кг/ 1 кг. Фасовка 1 кг. НЕ ФАСУЕТСЯ.', 0, 0, 1),
	(133, 'Дульцит, чда', 'No-image.jpg', 1, 87, 4206, 1, 'имп', '1 кг/ 100 грамм', 0, 0, 1),
	(134, 'Желатин пищ (импорт) bloom 150', 'No-image.jpg', 1, 88, 168, 1, 'имп', '1 кг/ 100 грамм', 0, 0, 1),
	(135, 'Желатин пищ (импорт) bloom 200', 'No-image.jpg', 1, 89, 330, 1, 'имп', '1 кг/ 100 грамм', 0, 0, 1),
	(136, 'Железо (II) сернокислое 7-водное, чда', 'No-image.jpg', 1, 90, 39, 1, 'имп', '25 кг/ 1 кг/ 100 грамм', 0, 0, 1),
	(137, 'Железо (II) сернокислое 7-водное, ч', 'No-image.jpg', 1, 91, 18, 1, 'имп', '25 кг/ 1 кг/ 100 грамм', 0, 0, 1),
	(138, 'Железо (II) сернокислое (железный купорос), тех', 'No-image.jpg', 1, 92, 10, 1, 'Укр', '1 кг/ 100 грамм', 0, 0, 1),
	(139, 'Железо (III) сернокислое 7-водное, ч  ', 'No-image.jpg', 1, 93, 99, 1, 'имп', 'Гранулы. 1 кг/ 100 грамм', 0, 0, 1),
	(140, 'Железо (III) хлорное 6-водное, ч', 'No-image.jpg', 1, 94, 51, 1, 'имп', '40 кг/ 1 кг/ 100 грамм', 0, 0, 1),
	(141, 'Известь натронная, чда', 'No-image.jpg', 1, 95, 216, 1, 'имп', '1 кг/ 100 грамм', 0, 0, 1),
	(142, 'Известь хлорная', 'No-image.jpg', 1, 96, 30, 1, 'имп', ' Тарное место 20 кг', 0, 0, 1),
	(143, 'Индигокармин, чда', 'No-image.jpg', 1, 97, 1050, 1, 'имп', '1 кг/ 100 грамм', 0, 0, 1),
	(144, 'Инозит (инозитол, мезоинозит, витамин В8), ч', 'No-image.jpg', 1, 98, 906, 1, 'имп', 'Тарное место 25 кг. 1 кг/ 100 грамм', 0, 0, 1),
	(145, 'Йод кристаллический, чда', 'No-image.jpg', 1, 99, 1050, 1, 'имп', '1 кг/ 100 грамм', 0, 0, 1),
	(146, 'Йодоформ, ч', 'No-image.jpg', 1, 100, 2700, 1, 'Укр', 'Фасовка 1 кг. НЕ ФАСУЕТСЯ!!!', 0, 0, 1),
	(147, 'Кадмий сернокислый 8-водный, чда', 'No-image.jpg', 1, 101, 129, 1, 'имп', '25 кг/ 1 кг/ 100 грамм', 0, 0, 1),
	(148, 'Кадмий хлористый 2,5-водный, чда', 'No-image.jpg', 1, 102, 504, 1, 'имп', '1 кг/ 100 грамм', 0, 0, 1),
	(149, 'Казеин', 'No-image.jpg', 1, 103, 93, 1, 'Укр', '1 кг/ 100 грамм', 0, 0, 1),
	(150, 'Калий азотнокислый, чда', 'No-image.jpg', 1, 104, 126, 1, 'Укр', ' 25 кг/ 1 кг/ 100 грамм', 0, 0, 1),
	(151, 'Калий азотнокислый, ч', 'No-image.jpg', 1, 105, 90, 1, 'имп', ' 25 кг/ 1 кг/ 100 грамм.', 0, 0, 1),
	(152, 'Калий бромистый, чда', 'No-image.jpg', 1, 106, 192, 1, 'Укр', ' 1 кг/ 100 грамм', 0, 0, 1),
	(153, 'Калий бромистый, ч', 'No-image.jpg', 1, 107, 180, 1, 'имп', '1 кг/ 100 грамм', 0, 0, 1),
	(154, 'Калий гидроокись, чда (Чехия)', 'No-image.jpg', 1, 108, 162, 1, 'имп', '25 кг/ 1 кг/ 100 грамм', 0, 0, 1),
	(155, 'Калий гидроокись, тех (Корея) ', 'No-image.jpg', 1, 109, 42, 1, 'имп', '25 кг/ 1 кг/ 100 грамм', 0, 0, 1),
	(156, 'Калий гидроокись, тех (Франция) ', 'No-image.jpg', 1, 110, 42, 1, 'имп', '25 кг/ 1 кг/ 100 грамм', 0, 0, 1),
	(157, 'Калий железистосинеродистый (II) (желтая кр.соль), хч', 'No-image.jpg', 1, 111, 222, 1, 'имп', '1 кг/ 100 грамм', 0, 0, 1),
	(158, 'Калий железистосинеродистый (II) (желтая кр.соль), ч', 'No-image.jpg', 1, 112, 129, 1, 'имп', '25 кг/ 1 кг/ 100 грамм', 0, 0, 1),
	(159, 'Калий двухромовокислый, хч', 'No-image.jpg', 1, 113, 870, 1, 'имп', '1 кг/ 100 грамм', 0, 0, 1),
	(160, 'Калий железосинеродистый (III) (красная кр.соль), ч', 'No-image.jpg', 1, 114, 192, 1, 'Укр', 'Цена за кг. 1 кг/ 100 грамм', 0, 0, 1),
	(161, 'Калий йодистый, фарм   ', 'No-image.jpg', 1, 115, 804, 1, 'имп', '25 кг/ 1 кг/ 100 грамм.', 0, 0, 1),
	(162, 'Калий йодноватокислый, ч', 'No-image.jpg', 1, 116, 1206, 1, 'имп', '1 кг/ 100 грамм', 0, 0, 1),
	(163, 'Калий надсернокислый (пероксодисульфат), 105091, Мерк', 'No-image.jpg', 1, 117, 306, 1, 'имп', 'Цена за кг. 1 кг/ 100 грамм', 0, 0, 1),
	(164, 'Калий надсернокислый, чда', 'No-image.jpg', 1, 118, 54, 1, 'Укр', 'Тарное место/ 1 кг/ 100 грамм', 0, 0, 1),
	(165, 'Калий натрий виннокислый (сегнетова соль), хч', 'No-image.jpg', 1, 119, 90, 1, 'имп', '1 кг/ 100 грамм', 0, 0, 1),
	(166, 'Калий натрий виннокислый (сегнетова соль), чда (Китай)', 'No-image.jpg', 1, 120, 84, 1, 'имп', '25 кг/ 1 кг/ 100 грамм', 0, 0, 1),
	(167, 'Калий натрий углекислый, чда ', 'No-image.jpg', 1, 121, 48, 1, 'Укр', '25 кг/ 1 кг/ 100 грамм', 0, 0, 1),
	(168, 'Калий роданистый, ч (Китай)', 'No-image.jpg', 1, 122, 120, 1, 'имп', '25 кг/ 1 кг/ 100 грамм', 0, 0, 1),
	(169, 'Калий сернокислый, хч ', 'No-image.jpg', 1, 123, 270, 1, 'имп', '1 кг/ 100 грамм', 0, 0, 1),
	(170, 'Калий сернокислый, чда', 'No-image.jpg', 1, 124, 174, 1, 'Укр', '25 кг/ 1 кг/ 100 грамм', 0, 0, 1),
	(171, 'Калий сернокислый, ч', 'No-image.jpg', 1, 125, 45, 1, 'имп', '1 кг/ 100 грамм', 0, 0, 1),
	(172, 'Калий сурьмяновиннокислый (калий-сурьма оксид тартрат), ч', 'No-image.jpg', 1, 126, 480, 1, 'имп', '1 кг/ 100 грамм', 0, 0, 1),
	(173, 'Калий углекислый, ч', 'No-image.jpg', 1, 127, 210, 1, 'имп', '1 кг/ 100 грамм', 0, 0, 1),
	(174, 'Калий фосфорнокислый 1-зам (дигидрофосфат) б/в, тех', 'No-image.jpg', 1, 128, 57, 1, 'имп', '25 кг/ 1 кг/ 100 грамм', 0, 0, 1),
	(175, 'Калий фосфорнокислый 2-замещенный (гидрофосфат) б/в, ч Бельгия', 'No-image.jpg', 1, 129, 87, 1, 'имп', '25 кг/ 1 кг/ 100 грамм', 0, 0, 1),
	(176, 'Калий фосфорнокислый пиро 4-зам, ч', 'No-image.jpg', 1, 130, 99, 1, 'имп', '25 кг/ 1 кг/ 100 грамм', 0, 0, 1),
	(177, 'Калий фталевокислый кислый, чда', 'No-image.jpg', 1, 131, 390, 1, 'имп', '1 кг/ 100 грамм', 0, 0, 1),
	(178, 'Калий хлористый, хч', 'No-image.jpg', 1, 132, 63, 1, 'имп', '25 кг/ 1 кг/ 100 грамм', 0, 0, 1),
	(179, 'Калий хромовокислый, чда', 'No-image.jpg', 1, 133, 264, 1, 'имп', '25 кг/ 1 кг/ 100 грамм', 0, 0, 1),
	(180, 'Калий щавелевокислый 1-вод, ч', 'No-image.jpg', 1, 134, 57, 1, 'имп;Укр', '1 кг/ 100 грамм', 0, 0, 1),
	(181, 'Кальций азотнокислый 4-водный, тех', 'No-image.jpg', 1, 135, 13, 1, 'имп', '25 кг/ 1 кг/ 100 грамм', 0, 0, 1),
	(182, 'Кальций гидроокись, ч', 'No-image.jpg', 1, 136, 9, 1, 'имп', '25 кг/ 1 кг/ 100 грамм', 0, 0, 1),
	(183, 'Кальций лимоннокислый 4-водный, чда', 'No-image.jpg', 1, 137, 54, 1, 'Укр', '1 кг/ 100 грамм', 0, 0, 1),
	(184, 'Кальций окись, ч', 'No-image.jpg', 1, 138, 48, 1, 'имп', '1 кг/ 100 грамм', 0, 0, 1),
	(185, 'Кальций сернокислый 2-водный, ч', 'No-image.jpg', 1, 139, 21, 1, 'имп', '20 кг/ 1 кг/ 100 грамм', 0, 0, 1),
	(186, 'Кальций стеариновокислый', 'No-image.jpg', 1, 140, 78, 1, 'имп', '1 кг/ 100 грамм', 0, 0, 1),
	(187, 'Кальций углекислый, чда', 'No-image.jpg', 1, 141, 27, 1, 'имп', '25 кг/ 1 кг/ 100 грамм', 0, 0, 1),
	(188, 'Кальций хлористый (б/в), пищ (гранулы)', 'No-image.jpg', 1, 142, 21, 1, 'имп', '25 кг/ 1 кг/ 100 грамм', 0, 0, 1),
	(189, 'Кальций хлористый 6-водный, фарм', 'No-image.jpg', 1, 143, 57, 1, 'имп', 'Кристаллы белого цвета  (водянистые). 25 кг/ 1 кг/ 100 грамм', 0, 0, 1),
	(190, 'Кандурин (Candurin), натуральный пигмент коричневый, пищ, 120617, Мерк  0,025 кг', 'No-image.jpg', 1, 144, 2100, 1, 'имп', 'Фасовка 0,025 кг. Не фасуется. Цена за кг', 0, 0, 1),
	(191, 'Карбюризатор', 'No-image.jpg', 1, 145, 45, 1, 'Укр', 'Цена за кг. Фасовка 15кг', 0, 0, 1),
	(192, 'Катионит КУ-2-8', 'No-image.jpg', 1, 146, 39, 1, 'имп', '1 кг/ 100 грамм', 0, 0, 1),
	(193, 'Квасцы алюмокалиевые, ч (Китай)', 'No-image.jpg', 1, 147, 14, 1, 'имп', '50 кг/ 1 кг/ 100 грамм', 0, 0, 1),
	(194, 'Квасцы железоаммонийные, чда', 'No-image.jpg', 1, 148, 147, 1, 'Укр', '1 кг/ 100 грамм', 0, 0, 1),
	(195, 'Квасцы хромокалиевые, ч', 'No-image.jpg', 1, 149, 147, 1, 'имп', '1 кг/ 100 грамм', 0, 0, 1),
	(196, 'Квасцы хромокалиевые, тех', 'No-image.jpg', 1, 150, 93, 1, 'имп', '25 кг/ 1 кг/ 100 грамм', 0, 0, 1),
	(197, 'Кверцетин, 152003, Merck', 'No-image.jpg', 1, 151, 9000, 1, 'имп', 'Цена за кг. Фасовка 10 грамм', 0, 0, 1),
	(198, 'Кобальт (II) азотнокислый 6-вод, чда', 'No-image.jpg', 1, 152, 396, 1, 'имп', '25 кг/ 1 кг/ 100 грамм', 0, 0, 1),
	(199, 'Кобальт (II,III) окись, ч', 'No-image.jpg', 1, 153, 666, 1, 'Укр', '1 кг/ 100 грамм', 0, 0, 1),
	(200, 'Кобальт (II) сернокислый 7-водный, ч (Co: 20 % min)', 'No-image.jpg', 1, 154, 390, 1, 'имп', 'Тарное место 20 кг/ 1 кг/ 100 грамм', 0, 0, 1),
	(201, 'Кобальт хлористый 6-водный, чда ', 'No-image.jpg', 1, 155, 480, 1, 'имп', '25 кг/ 1 кг/ 100 грамм', 0, 0, 1),
	(202, 'Конго красный,чда', 'No-image.jpg', 1, 156, 450, 1, 'имп', '1 кг/ 100 грамм', 0, 0, 1),
	(203, 'Крахмал водорастворимый, чда', 'No-image.jpg', 1, 157, 288, 1, 'Укр', '1 кг/ 100 грамм', 0, 0, 1),
	(204, 'Кремневольфрамовая кислота, чда', 'No-image.jpg', 1, 158, 546, 1, 'Укр', '1 кг/ 100 грамм', 0, 0, 1),
	(205, 'Кристалический фиолетовый (генцан виолет), чда', 'No-image.jpg', 1, 159, 480, 1, 'имп', '25 кг/ 1 кг/ 100 грамм', 0, 0, 1),
	(206, 'Ксиленоловый оранжевый, чда', 'No-image.jpg', 1, 160, 3900, 1, 'имп', '1 кг/ 100 грамм', 0, 0, 1),
	(207, 'Ксилоза (D), чда', 'No-image.jpg', 1, 161, 786, 1, 'имп', '1 кг/ 100 грамм', 0, 0, 1),
	(208, 'Диметилбензол-пара лабораторный, ч (пара-ксилол)', 'No-image.jpg', 1, 162, 0, 1, 'имп', 'Бутыль по 17 кг.  ПРОДАЕМ ТОЛЬКО КАК ДИМЕТИЛБЕНЗОЛ-ПАРА ЛАБОРАТОРНЫЙ', 0, 0, 1),
	(209, 'Купферон (N-нитрозо-N-фенилгидроксиламин аммонийная соль), чда', 'No-image.jpg', 1, 163, 2886, 1, 'имп', '1 кг/ 100 грамм', 0, 0, 1),
	(210, 'Лактоза, пищ', 'No-image.jpg', 1, 164, 42, 1, 'имп', '25 кг/ 1 кг/ 100 грамм', 0, 0, 1),
	(211, 'Лантан азотнокислый 6-водный, чда', 'No-image.jpg', 1, 165, 1506, 1, 'имп', '1 кг/ 100 грамм', 0, 0, 1),
	(212, 'Левомицетин, фарм', 'No-image.jpg', 1, 166, 2100, 1, 'имп', 'Цена за кг. Фасовка 1 кг. НЕ ФАСУЕТСЯ', 0, 0, 1),
	(213, 'Легкосмываемый красный', 'No-image.jpg', 1, 167, 5100, 1, 'имп', 'Фасовка по 0,005 кг. Не фасуется', 0, 0, 1),
	(214, 'Лизин гидрохлорид (L), чда', 'No-image.jpg', 1, 168, 189, 1, 'имп', '1 кг/ 100 грамм', 0, 0, 1),
	(215, 'Лейцин, ч (L)', 'No-image.jpg', 1, 169, 570, 1, 'имп', '25 кг/ 1 кг/ 100 грамм', 0, 0, 1),
	(216, 'Лимонная кислота б/в, фарм', 'No-image.jpg', 1, 170, 33, 1, 'имп', '25 кг/ 1 кг/ 100 грамм', 0, 0, 1),
	(217, 'Лимонная кислота моногидрат, пищ ', 'No-image.jpg', 1, 171, 29, 1, 'имп', '25 кг/ 1 кг/ 100 грамм.', 0, 0, 1),
	(218, 'Литий гидроокись, хч', 'No-image.jpg', 1, 172, 1200, 1, 'имн', 'Цена за 1 кг.', 0, 0, 1),
	(219, 'Магний азотнокислый 6-вод, ч', 'No-image.jpg', 1, 173, 30, 1, 'имп', '1 кг/ 100 грамм. Тарное место 25 кг', 0, 0, 1),
	(220, 'Магний гидроксид карбонат (heavy), фарм, 105829.9040, Мерк', 'No-image.jpg', 1, 174, 168, 1, 'имп', 'Тарное место 40 кг/ 1 кг/ 100 грамм', 0, 0, 1),
	(221, 'Магний окись, чда', 'No-image.jpg', 1, 175, 168, 1, 'имп', '1 кг/ 100 грамм', 0, 0, 1),
	(222, 'Магний окись, тех', 'No-image.jpg', 1, 176, 66, 1, 'имп', 'Тарное место 10 кг/ 1 кг/ 100 грамм', 0, 0, 1),
	(223, 'Магний сернокислый 7-водный, чда', 'No-image.jpg', 1, 177, 45, 1, 'имп', '1 кг/ 100 грамм', 0, 0, 1),
	(224, 'Магний углекислый основной, фарм', 'No-image.jpg', 1, 178, 138, 1, 'имп', '25 кг/ 1 кг/ 100 грамм', 0, 0, 1),
	(225, 'Магний хлористый 6-водный, ч (Германия)', 'No-image.jpg', 1, 179, 45, 1, 'имп', 'Цена за 1 кг.', 0, 0, 1),
	(226, 'Магний хлорнокислый (ангидрон), ч', 'No-image.jpg', 1, 180, 2106, 1, 'Укр', '1 кг/ 100 грамм', 0, 0, 1),
	(227, 'Малахитовый зеленый, чда', 'No-image.jpg', 1, 181, 570, 1, 'имп', '25 кг/ 1 кг/ 100 грамм.', 0, 0, 1),
	(228, 'Мальтоза (D-(+)Мальтобиоза\\Сахар солодовый), чда', 'No-image.jpg', 1, 182, 1806, 1, 'имп', '1 кг/ 100 грамм', 0, 0, 1),
	(229, 'Маннит (маннитол), фарм (Китай)', 'No-image.jpg', 1, 183, 150, 1, 'имп', '1 кг/ 100 грамм', 0, 0, 1),
	(230, 'Манноза, чда', 'No-image.jpg', 1, 184, 5106, 1, 'имп', '1 кг/ 100 грамм', 0, 0, 1),
	(231, 'Марганец сернокислый 1-водный, ч', 'No-image.jpg', 1, 185, 68, 1, 'имп', '1 кг/ 100 грамм.', 0, 0, 1),
	(232, 'Марганец хлористый 4-водный, ч', 'No-image.jpg', 1, 186, 99, 1, 'имп', '25 кг/ 1 кг/ 100 грамм', 0, 0, 1),
	(233, 'Медь (II) окись (порошок), чда  ', 'No-image.jpg', 1, 187, 900, 1, 'имп', 'Фасовка 100 грамм! Цена за 1 кг', 0, 0, 1),
	(234, 'Медь (II) окись (проволока), чда', 'No-image.jpg', 1, 188, 876, 1, 'имп', '1 кг/ 100 грамм', 0, 0, 1),
	(235, 'Медь сернокислая 5-водная, ч ', 'No-image.jpg', 1, 189, 60, 1, 'Укр', '25 кг/ 1 кг/ 100 грамм', 0, 0, 1),
	(236, 'Медь уксуснокислая 1-водная, ч', 'No-image.jpg', 1, 190, 486, 1, 'имп', '1 кг/ 100 грамм', 0, 0, 1),
	(237, 'Метиламина гидрохлорид, ч', 'No-image.jpg', 1, 191, 690, 1, 'имп', '1 кг/ 100 грамм', 0, 0, 1),
	(238, 'Метиленовый голубой, чда (спирторастворимый)', 'No-image.jpg', 1, 192, 750, 1, 'имп', '25 кг/ 1 кг/ 100 грамм', 0, 0, 1),
	(239, 'Метиловый красный (водорастворимый), чда', 'No-image.jpg', 1, 193, 780, 1, 'Укр', 'Фасовка по 0,075 кг; 0,5 кг. 1 кг/ 100 грамм', 0, 0, 1),
	(240, 'Метиловый красный (спирторастворимый), чда', 'No-image.jpg', 1, 194, 680, 1, 'имп;Укр', '1 кг/ 100 грамм', 0, 0, 1),
	(241, 'Метиловый оранжевый, чда', 'No-image.jpg', 1, 195, 900, 1, 'имп;Укр', '1 кг/ 100 грамм', 0, 0, 1),
	(242, 'Метиловый фиолетовый, чда', 'No-image.jpg', 1, 196, 390, 1, 'имп', '25 кг/ 1 кг', 0, 0, 1),
	(243, 'Метилпарабен (нипагин), фарм', 'No-image.jpg', 1, 197, 276, 1, 'имп', '1 кг/ 100 грамм', 0, 0, 1),
	(244, 'Метилсалицилат (метиловый эфир салициловой кислоты)', 'No-image.jpg', 1, 198, 186, 1, 'имп', '1 кг/ 100 грамм', 0, 0, 1),
	(245, 'Метилфенидон (4-Метил-1-фенил-пиразалидон-3), ч', 'No-image.jpg', 1, 199, 486, 1, 'Укр', '1 кг/ 100 грамм', 0, 0, 1),
	(246, 'Метронидазол, фарм', 'No-image.jpg', 1, 200, 342, 1, 'имп', 'Тарное место 25 кг. НЕ ФАСУЕТСЯ. Цена за кг', 0, 0, 1),
	(247, 'Молибденовая кислота, чда', 'No-image.jpg', 1, 201, 900, 1, '', '1 кг/ 100 грамм', 0, 0, 1),
	(248, 'Мочевина, чда', 'No-image.jpg', 1, 202, 93, 1, 'Укр', '15 кг/ 1 кг/ 100 грамм', 0, 0, 1),
	(249, 'Муравьиная кислота 85%, ч', 'No-image.jpg', 1, 203, 63, 1, 'имп', 'Фасовка по 1,2 кг. В КАНИСТРЫ СЛИВАТЬ НЕ БУДЕМ!', 0, 0, 1),
	(250, 'Мурексид, чда', 'No-image.jpg', 1, 204, 5706, 1, 'имп', '1 кг/ 100 грамм', 0, 0, 1),
	(251, 'Натрий азид Extra pure (106688)', 'No-image.jpg', 1, 205, 3906, 1, 'имп', '1 кг/ 100 грамм', 0, 0, 1),
	(252, 'Натрий азотнокислый, чда', 'No-image.jpg', 1, 206, 120, 1, 'Укр', '25 кг/ 1 кг/ 100 грамм', 0, 0, 1),
	(253, 'Натрий-аммоний фосфорнокислый 2-зам (гидроортофосфат) 4-вод, чда ', 'No-image.jpg', 1, 207, 126, 1, 'Укр', '1 кг/ 100 грамм', 0, 0, 1),
	(254, 'Натрий бензойнокислый, пищ', 'No-image.jpg', 1, 208, 60, 1, 'имп', '25 кг/ 1 кг/ 100 грамм.', 0, 0, 1),
	(255, 'Натрий бромистый, чда', 'No-image.jpg', 1, 209, 192, 1, 'Укр', '25 кг/ 1 кг/ 100 грамм', 0, 0, 1),
	(256, 'Натрий виннокислый 2-водный, чда', 'No-image.jpg', 1, 210, 147, 1, 'имп', '1 кг/ 100 грамм', 0, 0, 1),
	(257, 'Натрий гексаметафосфат, тех', 'No-image.jpg', 1, 211, 84, 1, 'имп', '1 кг/ 100 грамм', 0, 0, 1),
	(258, 'Натрий гидроокись мелкогранулированная, хч (Испания)', 'No-image.jpg', 1, 212, 33, 1, 'имп', '25 кг/ 1 кг/ 100 грамм', 0, 0, 1),
	(259, 'Натрий глютаминат (глютамат), пищ (Hebei Meihua)', 'No-image.jpg', 1, 213, 63, 1, 'имп', '25 кг/ 1 кг/ 100 грамм', 0, 0, 1),
	(260, 'Натрий двухромовокислый 2-водный, чда', 'No-image.jpg', 1, 214, 168, 1, 'имп', '1 кг/ 100 грамм', 0, 0, 1),
	(261, 'Натрий двухромовокислый, ч', 'No-image.jpg', 1, 215, 126, 1, 'имп', '1 кг/ 100 грамм', 0, 0, 1),
	(262, 'Натрий дитионит (гидросульфит), тех', 'No-image.jpg', 1, 216, 69, 1, 'имп', '1 кг/ 100 грамм', 0, 0, 1),
	(263, 'Натрий диэтилдитиокарбамат, чда', 'No-image.jpg', 1, 217, 2400, 1, 'Укр', ' 1 кг/ 100 грамм', 0, 0, 1),
	(264, 'Натрий додецилсульфат (лаурилсульфат) соль Ph Eur, фарм,  817034, Merck', 'No-image.jpg', 1, 218, 906, 1, 'имп', 'Цена за кг. 1 кг/ 100 грамм', 0, 0, 1),
	(265, 'Натрий додецилсульфат (лаурилсульфат), чда ', 'No-image.jpg', 1, 219, 183, 1, 'имп', '20 кг/ 1 кг/ 100 грамм', 0, 0, 1),
	(266, 'Натрий изоаскорбинат', 'No-image.jpg', 1, 220, 132, 1, 'имп', ' 1 кг/ 100 грамм', 0, 0, 1),
	(267, 'Натрий кремнекислый 5-водный (силикат), ч', 'No-image.jpg', 1, 221, 33, 1, 'имп', '25 кг/ 1 кг/ 100 грамм', 0, 0, 1),
	(268, 'Натрий лимоннокислый 3 зам. 2-водный, чда', 'No-image.jpg', 1, 222, 33, 1, 'имп', '25 кг/ 1 кг/ 100 грамм', 0, 0, 1),
	(269, 'Натрий молибденовокислый 2-водный, чда', 'No-image.jpg', 1, 223, 546, 1, 'имп', '1 кг/ 100 грамм', 0, 0, 1),
	(270, 'Натрий надсернокислый (персульфат,пероксодисульфат), чда', 'No-image.jpg', 1, 224, 69, 1, 'Укр', '1 кг/ 100 грамм', 0, 0, 1),
	(271, 'Натрий надсернокислый (персульфат,пероксодисульфат), ч', 'No-image.jpg', 1, 225, 66, 1, 'Укр', '1 кг/ 100 грамм', 0, 0, 1),
	(272, 'Натрий нитропруссид 2-водный, чда', 'No-image.jpg', 1, 226, 1326, 1, 'имп', '29 баночек по 10 грамм. 1 кг/ 100 грамм', 0, 0, 1),
	(273, 'Натрий роданистый, чда', 'No-image.jpg', 1, 227, 60, 1, 'Укр', '1 кг/ 100 грамм', 0, 0, 1),
	(274, 'Натрий салициловокислый, фарм', 'No-image.jpg', 1, 228, 120, 1, 'имп', '1 кг/ 100 грамм', 0, 0, 1),
	(275, 'Натрий селенистокислый, ч', 'No-image.jpg', 1, 229, 1206, 1, 'имп', '1 кг/ 100 грамм', 0, 0, 1),
	(276, 'Натрий сернистокислый б/в (сульфит), чда', 'No-image.jpg', 1, 230, 69, 1, 'имп', '25 кг/ 1 кг/ 100 грамм', 0, 0, 1),
	(277, 'Натрий сернистокислый б/в (сульфит), ч ', 'No-image.jpg', 1, 231, 30, 1, 'имп', '25 кг/ 1 кг/ 100 грамм', 0, 0, 1),
	(278, 'Натрий сернистокислый пиро (метабисульфит, дисульфит), пищ', 'No-image.jpg', 1, 232, 25, 1, 'имп', '25 кг/ 1 кг/ 100 грамм', 0, 0, 1),
	(279, 'Натрий сернистый 9-водный, тех', 'No-image.jpg', 1, 233, 45, 1, 'имп', '25 кг/ 1 кг/ 100 грамм', 0, 0, 1),
	(280, 'Натрий серноватистокислый (тиосульфат) 5-водный, тех', 'No-image.jpg', 1, 234, 21, 1, 'имп', '25 кг/ 1 кг/ 100 грамм', 0, 0, 1),
	(281, 'Натрий сернокислый (б/в), ч ', 'No-image.jpg', 1, 235, 18, 1, 'имп', '25 кг/ 1 кг/ 100 грамм', 0, 0, 1),
	(282, 'Натрий сернокислый кислый, ч (Grillo-Werke)', 'No-image.jpg', 1, 236, 36, 1, 'имп', '25 кг/ 1 кг/ 100 грамм.', 0, 0, 1),
	(283, 'Натрий стеариновокислый, ч', 'No-image.jpg', 1, 237, 42, 1, 'Укр', '1 кг/ 100 грамм', 0, 0, 1),
	(284, 'Натрий тетраборнокислый (бура)  5-водн, ч', 'No-image.jpg', 1, 238, 29, 1, 'имп', '25 кг/ 1 кг/ 100 грамм', 0, 0, 1),
	(285, 'Натрий тетраборнокислый (бура) 10-водн, ч', 'No-image.jpg', 1, 239, 33, 1, 'имп', '25 кг/ 1 кг/ 100 грамм', 0, 0, 1),
	(286, 'Натрий тиогликолевокислый, чда', 'No-image.jpg', 1, 240, 3300, 1, 'имп', '1 кг/ 100 грамм', 0, 0, 1),
	(287, 'Натрий триполифосфат, пищ ', 'No-image.jpg', 1, 241, 51, 1, 'имп', '25 кг/ 1 кг/ 100 грамм', 0, 0, 1),
	(288, 'Натрий углекислый кислый, хч', 'No-image.jpg', 1, 242, 21, 1, 'имп', '25 кг/ 1 кг/ 100 грамм', 0, 0, 1),
	(289, 'Натрий углекислый (б/в), хч', 'No-image.jpg', 1, 243, 162, 1, 'имп', '35 кг/ 1 кг/ 100 грамм', 0, 0, 1),
	(290, 'Натрий уксуснокислый 3-водный, ч', 'No-image.jpg', 1, 244, 51, 1, 'имп', '25 кг/ 1 кг/ 100 грамм', 0, 0, 1),
	(291, 'Натрий уксуснокислый 3-водный, тех', 'No-image.jpg', 1, 245, 39, 1, 'имп', '25 кг/ 1 кг/ 100 грамм', 0, 0, 1),
	(292, 'Натрий фосфорнокислый 1-замещенный (дигидрофосфат) (б/в), ч', 'No-image.jpg', 1, 246, 78, 1, 'имп', '25 кг/ 1 кг/ 100 грамм', 0, 0, 1),
	(293, 'Натрий фосфорнокислый 2-зам (гидрофосфат) б/в, ч ', 'No-image.jpg', 1, 247, 93, 1, 'имп', '25 кг/ 1 кг/ 100 грамм', 0, 0, 1),
	(294, 'Натрий фосфорнокислый 2-замещенный 12-вод ЭЧ, фарм. (106573), Мерк', 'No-image.jpg', 1, 248, 186, 1, 'имп', 'Цена за кг. 1 кг/ 100 грамм', 0, 0, 1),
	(295, 'Натрий фосфорнокислый 2-зам (гидрофосфат) 12-вод, пищ', 'No-image.jpg', 1, 249, 45, 1, 'имп', '25 кг/ 1 кг/ 100 грамм', 0, 0, 1),
	(296, 'Натрий фосфорнокислый 3-замещенный б/в, пищ', 'No-image.jpg', 1, 250, 75, 1, 'имп', '25 кг/ 1 кг/ 100 грамм', 0, 0, 1),
	(297, 'Натрий хлористый, чда', 'No-image.jpg', 1, 251, 9, 1, 'имп', '25 кг/ 1 кг/ 100 грамм', 0, 0, 1),
	(298, 'Натрий щавелевокислый, чда', 'No-image.jpg', 1, 252, 75, 1, 'Укр', '1 кг/ 100 грамм', 0, 0, 1),
	(299, 'Нафтиламин-1, чда', 'No-image.jpg', 1, 253, 396, 1, 'имп', '1 кг/ 100 грамм', 0, 0, 1),
	(300, 'Нафтол-1, чда', 'No-image.jpg', 1, 254, 780, 1, 'Укр', '1 кг/ 100 грамм', 0, 0, 1),
	(301, 'Нафтол-2, чда', 'No-image.jpg', 1, 255, 499, 1, 'имп', '1 кг/ 100 грамм', 0, 0, 1),
	(302, 'Нейтральный красный, чда', 'No-image.jpg', 1, 256, 2706, 1, 'имп', '1 кг/ 100 грамм', 0, 0, 1),
	(303, 'Нефрас для лабораторных работ, ч (гексан)', 'No-image.jpg', 1, 257, 39, 1, 'имп', 'Бочка 140 кг. ПРОДАЕМ ТОЛЬКО КАК НЕФРАС', 0, 0, 1),
	(304, 'Нигрозин (водорастворимый), чда', 'No-image.jpg', 1, 258, 360, 1, 'имп', '1 кг/ 100 грамм. Фасовка 10 грамм', 0, 0, 1),
	(305, 'Нигрозин (спирторастворимый), чда', 'No-image.jpg', 1, 259, 360, 1, 'имп', '1 кг/ 100 грамм. Фасовка 10 грамм', 0, 0, 1),
	(306, 'Никель сернокислый, ч', 'No-image.jpg', 1, 260, 177, 1, 'имп', 'Тарное место 20 кг/ 1 кг/ 100 грамм', 0, 0, 1),
	(307, 'Нингидрин, чда', 'No-image.jpg', 1, 261, 7806, 1, 'имп', '1 кг/ 100 грамм', 0, 0, 1),
	(308, 'Нитразиновый желтый, чда', 'No-image.jpg', 1, 262, 16806, 1, 'имп', '1 кг/ 100 грамм', 0, 0, 1),
	(309, 'Нитроанилин-пара, ч', 'No-image.jpg', 1, 263, 1326, 1, 'имп', '1 кг/ 100 грамм', 0, 0, 1),
	(310, 'Окситетрациклин гидрохлорид, фарм', 'No-image.jpg', 1, 264, 393, 1, 'имп', 'Тарное место 25 кг.Цена за кг', 0, 0, 1),
	(311, 'Олаквиндокс', 'No-image.jpg', 1, 265, 192, 1, 'имп', 'Тарное место 25 кг. НЕ ФАСУЕТСЯ. Цена за кг', 0, 0, 1),
	(312, 'Олово гранулированное, ч', 'No-image.jpg', 1, 266, 1800, 1, 'имп', '1 кг/ 100 грамм', 0, 0, 1),
	(313, 'Олово (II) сернокислое, ч', 'No-image.jpg', 1, 267, 597, 1, 'имп', '25 кг/ 1 кг/ 100 грамм', 0, 0, 1),
	(314, 'Олово (II) хлористое 2-водное, ч ', 'No-image.jpg', 1, 268, 645, 1, 'имп', '25 кг/ 1 кг/ 100 грамм.', 0, 0, 1),
	(315, 'Орнитин моно гидрохлорид L, чда', 'No-image.jpg', 1, 269, 1206, 1, 'имп', '1 кг/ 100 грамм', 0, 0, 1),
	(316, 'Парафин лабораторный', 'No-image.jpg', 1, 270, 75, 1, 'имп', '25 кг/ 5 кг. Пластины. Фасуется только по 5 кг!!!', 0, 0, 1),
	(317, 'Параформ (параформальдегид), тех', 'No-image.jpg', 1, 271, 32, 1, 'имп', '25 кг/ 1 кг/ 100 грамм', 0, 0, 1),
	(318, 'Пикриновая кислота, ч', 'No-image.jpg', 1, 272, 1290, 1, 'Укр', '1 кг/ 100 грамм', 0, 0, 1),
	(319, 'Пирогаллол А, чда', 'No-image.jpg', 1, 273, 3300, 1, 'Укр', '1 кг/ 100 грамм', 0, 0, 1),
	(320, 'Пирокатехин 98%', 'No-image.jpg', 1, 274, 540, 1, 'имп', '1 кг/ 100 грамм', 0, 0, 1),
	(321, 'Поливиниловый спирт 17-99', 'No-image.jpg', 1, 275, 96, 1, 'имп', '25 кг/ 1 кг/ 100 грамм', 0, 0, 1),
	(322, 'Полистирол УПМ 825', 'No-image.jpg', 1, 276, 126, 1, 'имп', '1 кг/ 100 грамм', 0, 0, 1),
	(323, 'Пропиленгликоль-1,2, ч', 'No-image.jpg', 1, 277, 90, 1, 'имп', 'Фасовка 1 кг. Цена за кг', 0, 0, 1),
	(324, 'Пропилпарабен (нипазол), фарм', 'No-image.jpg', 1, 278, 300, 1, 'имп', '1 кг/ 100 грамм', 0, 0, 1),
	(325, 'Резазуринат натрия, ч', 'No-image.jpg', 1, 279, 6006, 1, 'имп', '1 кг/ 100 грамм', 0, 0, 1),
	(326, 'Резорцин, чда', 'No-image.jpg', 1, 280, 198, 1, 'имп', '1 кг/ 100 грамм', 0, 0, 1),
	(327, 'Риботайд (инозинат+гуанилат натрия)', 'No-image.jpg', 1, 281, 396, 1, 'имп', '1 кг/ 100 грамм', 0, 0, 1),
	(328, 'Родамин Ж, чда', 'No-image.jpg', 1, 282, 1269, 1, 'имп', '1 кг/ 100 грамм', 0, 0, 1),
	(329, 'Родамин С (В), чда', 'No-image.jpg', 1, 283, 990, 1, 'имп', '1 кг/ 100 грамм', 0, 0, 1),
	(330, 'Ртуть (I) азотнокислая 2-водная, хч', 'No-image.jpg', 1, 284, 3606, 1, 'имп', '1 кг/ 100 грамм', 0, 0, 1),
	(331, 'Ртуть (II) окись желтая, чда', 'No-image.jpg', 1, 285, 6906, 1, 'Укр', '1 кг/ 100 грамм', 0, 0, 1),
	(332, 'Салициловая кислота, фарм', 'No-image.jpg', 1, 286, 123, 1, 'имп', '25 кг/ 1 кг/ 100 грамм', 0, 0, 1),
	(333, 'Сафранин Т, чда', 'No-image.jpg', 1, 287, 7200, 1, 'имп', 'Цена за 1 кг. Фасовка по 25 грамм', 0, 0, 1),
	(334, 'Сахароза, чда', 'No-image.jpg', 1, 288, 45, 1, 'имп', 'Тарное место 20 кг/ 1 кг/ 100 грамм', 0, 0, 1),
	(335, 'Свинец азотнокислый, ч', 'No-image.jpg', 1, 289, 126, 1, 'имп', '1 кг/ 100 грамм', 0, 0, 1),
	(336, 'Свинец гранулированный, ч', 'No-image.jpg', 1, 290, 402, 1, 'имп', '25 кг/ 1 кг/ 100 грамм', 0, 0, 1),
	(337, 'Свинец (II) окись, ч', 'No-image.jpg', 1, 291, 126, 1, 'имп', '25 кг/ 1 кг/ 100 грамм', 0, 0, 1),
	(338, 'Свинец (II,lV) окись (сурик), ч', 'No-image.jpg', 1, 292, 145, 1, 'имп;Укр', ' 1 кг/ 100 грамм', 0, 0, 1),
	(339, 'Свинец уксуснокислый 3-водный, чда', 'No-image.jpg', 1, 293, 270, 1, 'Укр', '40 кг/ 1 кг/ 100 грамм', 0, 0, 1),
	(340, 'Селен элементарный, чда', 'No-image.jpg', 1, 294, 3346, 1, 'имп', '1 кг/ 100 грамм. Порошок', 0, 0, 1),
	(341, 'Сера осажденная', 'No-image.jpg', 1, 295, 29, 1, 'Укр', '30 кг/ 1 кг/ 100 грамм', 0, 0, 1),
	(342, 'Силикагель КСКГ', 'No-image.jpg', 1, 296, 48, 1, 'имп', '20 кг/ 1 кг/ 100 грамм', 0, 0, 1),
	(343, 'Силикагель КСМГ', 'No-image.jpg', 1, 297, 36, 1, 'имп', '25 кг/ 1 кг/ 100 грамм', 0, 0, 1),
	(344, 'Смесь Эшко', 'No-image.jpg', 1, 298, 150, 1, 'Укр', '1 кг/ 100 грамм', 0, 0, 1),
	(345, 'Сода кальцинированная, тех', 'No-image.jpg', 1, 299, 12, 1, 'имн', '50 кг/ 1 кг/ 100 грамм', 0, 0, 1),
	(346, 'Соль Мора, чда', 'No-image.jpg', 1, 300, 222, 1, 'Укр', 'Цена за 1 кг.', 0, 0, 1),
	(347, 'Сорбит (гранулы), пищ', 'No-image.jpg', 1, 301, 66, 1, 'имп', '1 кг/ 100 грамм', 0, 0, 1),
	(348, 'Спирт стеариловый', 'No-image.jpg', 1, 302, 75, 1, 'имп', 'Тарное место 20 кг/ 1 кг/ 100 грамм', 0, 0, 1),
	(349, 'Сплав Деварда, чда', 'No-image.jpg', 1, 303, 126, 1, 'Укр', '1 кг/ 100 грамм', 0, 0, 1),
	(350, 'Стрептоцид (сульфаниламид), фарм', 'No-image.jpg', 1, 304, 366, 1, 'имп', '1 кг/ 100 грамм', 0, 0, 1),
	(351, 'Стронций азотнокислый, чда', 'No-image.jpg', 1, 305, 360, 1, 'имп', 'Цена за 1 кг', 0, 0, 1),
	(352, 'Судан I, чда', 'No-image.jpg', 1, 306, 486, 1, 'имп;Укр', '1 кг/ 100 грамм', 0, 0, 1),
	(353, 'Судан III, чда', 'No-image.jpg', 1, 307, 786, 1, 'имп', '1 кг/ 100 грамм', 0, 0, 1),
	(354, 'Судан IV, чда', 'No-image.jpg', 1, 308, 786, 1, 'имп', '1 кг/ 100 грамм', 0, 0, 1),
	(355, 'Сульфаниловая кислота, чда ', 'No-image.jpg', 1, 309, 198, 1, 'имп', '25 кг/ 1 кг/ 100 грамм', 0, 0, 1),
	(356, 'Сульфанол (алкилбензолсульфонат натрия)', 'No-image.jpg', 1, 310, 86, 1, 'имп', 'Тарное место 20 кг/ 1 кг/ 100 грамм', 0, 0, 1),
	(357, 'Сульфаминовая кислота, хч', 'No-image.jpg', 1, 311, 198, 1, 'Укр', '1 кг/ 100 грамм. Фасовка 600 грамм', 0, 0, 1),
	(358, 'Сульфаминовая кислота', 'No-image.jpg', 1, 312, 36, 1, 'имп', '25 кг/ 1 кг/ 100 грамм', 0, 0, 1),
	(359, 'Сульфарсазен, чда ', 'No-image.jpg', 1, 313, 39000, 1, 'имп', 'Цена за 1 кг', 0, 0, 1),
	(360, 'Сульфосалициловая кислота, чда', 'No-image.jpg', 1, 314, 138, 1, 'имп', '25 кг/ 1 кг/ 100 грамм', 0, 0, 1),
	(361, 'Тальк, фарм', 'No-image.jpg', 1, 315, 45, 1, 'имп', '25 кг/ 1 кг/ 100 грамм', 0, 0, 1),
	(362, 'Таннин порошок pure DAB 7, FU Ph Helv, USP', 'No-image.jpg', 1, 316, 648, 1, 'имп', 'Цена за кг. 25 кг/ 1 кг/ 100 грамм', 0, 0, 1),
	(363, 'Таурин', 'No-image.jpg', 1, 317, 228, 1, 'имп', '1 кг/ 100 грамм', 0, 0, 1),
	(364, 'Твин-80', 'No-image.jpg', 1, 318, 189, 1, 'имп', 'Цена за кг. Фасовка 1 кг. НЕ ФАСУЕТСЯ', 0, 0, 1),
	(365, 'Тетралин, ч', 'No-image.jpg', 1, 319, 279, 1, 'имп', 'Фасовка 1 кг', 0, 0, 1),
	(366, 'Тиамулина фумарат', 'No-image.jpg', 1, 320, 1150, 1, 'имп', 'Тарное место 30 кг. НЕ ФАСУЕТСЯ. Цена за кг', 0, 0, 1),
	(367, 'Тилозин тартрат', 'No-image.jpg', 1, 321, 1020, 1, 'имп', 'Тарное место 20 кг. НЕ ФАСУЕТСЯ. Цена за кг', 0, 0, 1),
	(368, 'Тимол, чда', 'No-image.jpg', 1, 322, 750, 1, 'имп', '1 кг/ 100 грамм', 0, 0, 1),
	(369, 'Тимоловый синий (водорастворимый), чда', 'No-image.jpg', 1, 323, 2706, 1, 'имп', '1 кг/ 100 грамм', 0, 0, 1),
	(370, 'Тимолфталеин, чда', 'No-image.jpg', 1, 324, 3000, 1, 'имп', '25 кг/ 1 кг/ 100 грамм', 0, 0, 1),
	(371, 'Тринатрийфосфат', 'No-image.jpg', 1, 325, 84, 1, 'имп', '1 кг/ 100 грамм', 0, 0, 1),
	(372, 'Тиомочевина, тех (Китай)', 'No-image.jpg', 1, 326, 72, 1, 'имп', '25 кг/ 1 кг/ 100 грамм', 0, 0, 1),
	(373, 'Титан (IV) окись (двуокись), чда', 'No-image.jpg', 1, 327, 126, 1, 'имп', '1 кг/ 100 грамм', 0, 0, 1),
	(374, 'Треонин (L)', 'No-image.jpg', 1, 328, 696, 1, 'имп', '1 кг/ 100 грамм', 0, 0, 1),
	(375, 'Трилон Б (этилендиамин-N,N,N,N-тетрауксусной кислоты динатриевая соль), ч', 'No-image.jpg', 1, 329, 126, 1, 'имп', '25 кг/ 1 кг/ 100 грамм', 0, 0, 1),
	(376, 'Триптофан (L), ч', 'No-image.jpg', 1, 330, 1686, 1, 'имп', '1 кг/ 100 грамм', 0, 0, 1),
	(377, 'Трифенилтетразолий-2,3,5 хлористый, чда', 'No-image.jpg', 1, 331, 20700, 1, 'Укр', 'Цена за 1 кг', 0, 0, 1),
	(378, 'Трихлоруксусная кислота, ч', 'No-image.jpg', 1, 332, 198, 1, 'имп', 'Тарное место 50 кг/ 1 кг/ 100 грамм', 0, 0, 1),
	(379, 'Ультрамарин', 'No-image.jpg', 1, 333, 156, 1, 'имп', '1 кг/ 100 грамм', 0, 0, 1),
	(380, 'Уротропин, фарм', 'No-image.jpg', 1, 334, 87, 1, 'имп', '25 кг/ 1 кг/ 100 грамм', 0, 0, 1),
	(381, 'Фенантролин-орто, чда', 'No-image.jpg', 1, 335, 6906, 1, 'имп', '1 кг/ 100 грамм', 0, 0, 1),
	(382, 'Фенилаланин-D,L, чда', 'No-image.jpg', 1, 336, 2106, 1, 'имп', '1 кг/ 100 грамм', 0, 0, 1),
	(383, 'Фенилгидразин солянокислый, чда', 'No-image.jpg', 1, 337, 150, 1, 'имп', '1 кг/ 100 грамм', 0, 0, 1),
	(384, 'Фенилфосфорной кислоты динатриевая соль, чда (натрий фенилфосфат 2-зам)', 'No-image.jpg', 1, 338, 2964, 1, 'имп', '1 кг/ 100 грамм', 0, 0, 1),
	(385, 'Феноловый красный (инд.), (спирторастворимый) чда', 'No-image.jpg', 1, 339, 1800, 1, 'имп', '1 кг/ 100 грамм', 0, 0, 1),
	(386, 'Феноловый красный (водорастворимый), чда', 'No-image.jpg', 1, 340, 1800, 1, 'имп', '1 кг/ 100 грамм', 0, 0, 1),
	(387, 'Фенолфталеин, чда', 'No-image.jpg', 1, 341, 450, 1, 'имп', '1 кг/ 100 грамм', 0, 0, 1),
	(388, 'Фиолетовый К (водорастворимый), чда', 'No-image.jpg', 1, 342, 420, 1, 'Россия', '25 кг/ 1 кг/ 100 грамм', 0, 0, 1),
	(389, 'Фиолетовый К (спирторастворимый), чда', 'No-image.jpg', 1, 343, 276, 1, 'имп', '1 кг/ 100 грамм', 0, 0, 1),
	(390, 'Флороглюцин 2-водный, чда', 'No-image.jpg', 1, 344, 3906, 1, 'имп', 'Цена за кг. 1 кг/ 100 грамм', 0, 0, 1),
	(391, 'Флуоресцеин, ч', 'No-image.jpg', 1, 345, 840, 1, 'имп', '1 кг/ 100 грамм', 0, 0, 1),
	(392, 'Флуоресцеин-натрий (уранин), чда', 'No-image.jpg', 1, 346, 552, 1, 'имп', '25 кг/ 1 кг/ 100 грамм', 0, 0, 1),
	(393, 'Фосфор пятиокись (фосфор (V) окись, фосфорный ангидрид), ч', 'No-image.jpg', 1, 347, 222, 1, 'имп', '1 кг/ 100 грамм', 0, 0, 1),
	(394, 'Фосфорномолибденовая кислота, чда', 'No-image.jpg', 1, 348, 2796, 1, 'имп', '1 кг/ 100 грамм', 0, 0, 1),
	(395, 'Фруктоза, пищ', 'No-image.jpg', 1, 349, 61, 1, 'имп', '25 кг/ 1 кг/ 100 грамм', 0, 0, 1),
	(396, 'Фуксин кислый, чда', 'No-image.jpg', 1, 350, 3000, 1, 'имп', '1 кг/ 100 грамм', 0, 0, 1),
	(397, 'Фуксин основной для МБЦ, чда', 'No-image.jpg', 1, 351, 834, 1, 'имп', '1 кг/ 100 грамм', 0, 0, 1),
	(398, 'Фумаровая кислота (Китай)', 'No-image.jpg', 1, 352, 66, 1, 'имп', '1 кг/ 100 грамм', 0, 0, 1),
	(399, 'Фуразолидон, фарм', 'No-image.jpg', 1, 353, 399, 1, 'имп', 'Фасовка 1 кг. НЕ ФАСУЕТСЯ!', 0, 0, 1),
	(400, 'Хлорамин Б', 'No-image.jpg', 1, 354, 312, 1, 'имп', 'Фасовка 1 кг. НЕ ФАСУЕТСЯ!', 0, 0, 1),
	(401, 'Хром (III) окись, чда', 'No-image.jpg', 1, 355, 171, 1, 'имп', '25 кг/ 1 кг/ 100 грамм', 0, 0, 1),
	(402, 'Хромовый ангидрид (хром (VI) окись), чда', 'No-image.jpg', 1, 356, 0, 1, 'имп', 'Фасовка 1,25 кг. НЕ ФАСУЕТСЯ!', 0, 0, 1),
	(403, 'Хромовый темно-синий, чда', 'No-image.jpg', 1, 357, 2400, 1, 'имп', '1 кг/ 100 грамм', 0, 0, 1),
	(404, 'Хромотроповой кислоты динатриевая соль, 27160, Fluka  ', 'No-image.jpg', 1, 358, 6606, 1, 'имп', 'Цена за кг. 1 кг/ 100 грамм. беложелтого цвета', 0, 0, 1),
	(405, 'Хромотроповой кислоты динатриевая соль, чда', 'No-image.jpg', 1, 359, 6606, 1, 'имп', '1 кг/ 100 грамм.  0,035 кг (серого цвета)', 0, 0, 1),
	(406, 'Цетиловый спирт ЭЧ (1-гексадеканол), Мерк', 'No-image.jpg', 1, 360, 93, 1, 'имп', 'Цена за кг. 20 кг/ 1 кг/ 100 грамм', 0, 0, 1),
	(407, 'Цинк азотнокислый, ч', 'No-image.jpg', 1, 361, 99, 1, 'имп', '40 кг/ 1 кг/ 100 грамм', 0, 0, 1),
	(408, 'Цинк гранулированный, ч', 'No-image.jpg', 1, 362, 192, 1, 'имп', '1 кг/ 100 грамм', 0, 0, 1),
	(409, 'Цинк окись, ч ', 'No-image.jpg', 1, 363, 63, 1, 'Укр', '1 кг/ 100 грамм', 0, 0, 1),
	(410, 'Цинк сернокислый 7-водный, чда', 'No-image.jpg', 1, 364, 147, 1, 'имп', '25 кг/ 1 кг/ 100 грамм', 0, 0, 1),
	(411, 'Цинк уксуснокислый 2-водный, чда', 'No-image.jpg', 1, 365, 390, 1, 'имп', 'Тарное место/ 1 кг/ 100 грамм', 0, 0, 1),
	(412, 'Цинк хлористый, хч', 'No-image.jpg', 1, 366, 180, 1, 'имп', 'Фасуется. 1 кг/ 100 грамм', 0, 0, 1),
	(413, 'Цинк хлористый, ч, тех', 'No-image.jpg', 1, 367, 39, 1, 'имп', '25 кг/1 кг/ 100 грамм', 0, 0, 1),
	(414, 'Цистеин гидрохлорид (L), ч', 'No-image.jpg', 1, 368, 906, 1, 'имп', '1 кг/ 100 грамм', 0, 0, 1),
	(415, 'Цистин (L), ч', 'No-image.jpg', 1, 369, 789, 1, 'имп', '1 кг/ 100 грамм', 0, 0, 1),
	(416, 'Четыреххлористый углерод, чда', 'No-image.jpg', 1, 370, 348, 1, 'имп', 'Фасовка 1,6 кг', 0, 0, 1),
	(417, 'Щавелевая кислота, тех', 'No-image.jpg', 1, 371, 39, 1, 'имп', '25 кг/ 1 кг/ 100 грамм', 0, 0, 1),
	(418, 'Эозин БА, чда', 'No-image.jpg', 1, 372, 5400, 1, 'имп', '1 кг/ 100 грамм', 0, 0, 1),
	(419, 'Эозин К, чда', 'No-image.jpg', 1, 373, 4200, 1, 'Укр;имп', '1 кг/ 100 грамм. Фасовка 50 грамм', 0, 0, 1),
	(420, 'Эозин Н, чда', 'No-image.jpg', 1, 374, 990, 1, 'имп', '25 кг/ 1 кг/ 100 грамм', 0, 0, 1),
	(421, 'Эриохром черный, чда', 'No-image.jpg', 1, 375, 1680, 1, 'имп', '1 кг/ 100 грамм. Фасовка по 1 кг (фасуется); 50 грамм. ', 0, 0, 1),
	(422, 'Этил бромистый, чда', 'No-image.jpg', 1, 376, 270, 1, 'имп', 'Цена за кг', 0, 0, 1),
	(423, 'Янтарная кислота, хч', 'No-image.jpg', 1, 377, 89, 1, 'имп', '25 кг/1 кг/100 грамм', 0, 0, 1),
	(436, 'dasda', '', 4, 123, 123, 1, 'favzx', 'gbcxz', 1, 1, 1),
	(437, 'dasda', '', 4, 123, 123, 1, 'favzx', 'gbcxz', 1, 1, 1),
	(438, 'dasda', '', 4, 123, 123, 1, 'favzx', 'gbcxz', 1, 1, 1),
	(439, 'dasda', '', 4, 123, 123, 1, 'favzx', 'gbcxz', 1, 1, 1),
	(440, 'dasda', '', 4, 123, 123, 1, 'favzx', 'gbcxz', 1, 1, 1),
	(441, 'dasda', '', 4, 123, 123, 1, 'favzx', 'gbcxz', 1, 1, 1),
	(442, 'dasda', '', 4, 123, 123, 1, 'favzx', 'gbcxz', 1, 1, 1);
/*!40000 ALTER TABLE `product` ENABLE KEYS */;

-- Дамп структуры для таблица super_mag.product_order
CREATE TABLE IF NOT EXISTS `product_order` (
  `id` int(11) NOT NULL AUTO_INCREMENT,
  `user_name` varchar(255) NOT NULL,
  `user_phone` varchar(255) NOT NULL,
  `user_comment` text NOT NULL,
  `user_id` int(11) DEFAULT NULL,
  `date` timestamp NOT NULL DEFAULT CURRENT_TIMESTAMP,
  `products` text NOT NULL,
  `status` int(11) NOT NULL DEFAULT '1',
  PRIMARY KEY (`id`)
) ENGINE=MyISAM AUTO_INCREMENT=50 DEFAULT CHARSET=utf8;

-- Дамп данных таблицы super_mag.product_order: 1 rows
/*!40000 ALTER TABLE `product_order` DISABLE KEYS */;
INSERT INTO `product_order` (`id`, `user_name`, `user_phone`, `user_comment`, `user_id`, `date`, `products`, `status`) VALUES
	(49, 'Александрович', '0508238599', 'г.Боярка франка 115 кв 2', 6, '2017-04-13 11:44:58', '{"423":1,"421":2}', 1);
/*!40000 ALTER TABLE `product_order` ENABLE KEYS */;

-- Дамп структуры для таблица super_mag.user
CREATE TABLE IF NOT EXISTS `user` (
  `id` int(11) NOT NULL AUTO_INCREMENT,
  `name` varchar(255) NOT NULL,
  `email` varchar(255) NOT NULL,
  `password` varchar(255) NOT NULL,
  `role` varchar(50) NOT NULL,
  PRIMARY KEY (`id`)
) ENGINE=InnoDB AUTO_INCREMENT=7 DEFAULT CHARSET=utf8;

-- Дамп данных таблицы super_mag.user: ~2 rows (приблизительно)
/*!40000 ALTER TABLE `user` DISABLE KEYS */;
INSERT INTO `user` (`id`, `name`, `email`, `password`, `role`) VALUES
	(3, 'Александр', 'alex@mail.com', '111111', ''),
	(6, 'Александрович', 'Vasya@ua.ua', '123321', 'admin');
/*!40000 ALTER TABLE `user` ENABLE KEYS */;

/*!40101 SET SQL_MODE=IFNULL(@OLD_SQL_MODE, '') */;
/*!40014 SET FOREIGN_KEY_CHECKS=IF(@OLD_FOREIGN_KEY_CHECKS IS NULL, 1, @OLD_FOREIGN_KEY_CHECKS) */;
/*!40101 SET CHARACTER_SET_CLIENT=@OLD_CHARACTER_SET_CLIENT */;
